{"cameraMode":{"drawMode":0,"name":"Shaded","section":"Shading Mode"},"sceneLighting":false,"audioPlay":false,"sceneViewState":{"m_AlwaysRefresh":false,"showFog":true,"showSkybox":false,"showFlares":true,"showImageEffects":true,"showParticleSystems":true,"showVisualEffectGraphs":true,"m_FxEnabled":true},"in2DMode":false,"pivot":{"x":325.36883544921877,"y":34.48827362060547,"z":290.87066650390627},"rotation":{"x":0.03953133150935173,"y":0.9287381172180176,"z":-0.35371923446655276,"w":0.10379358381032944},"size":4.663054943084717,"orthographic":false}