{"cameraMode":{"drawMode":0,"name":"Shaded","section":"Shading Mode"},"sceneLighting":false,"audioPlay":false,"sceneViewState":{"m_AlwaysRefresh":false,"showFog":true,"showSkybox":false,"showFlares":true,"showImageEffects":true,"showParticleSystems":true,"showVisualEffectGraphs":true,"m_FxEnabled":true},"in2DMode":false,"pivot":{"x":304.61370849609377,"y":11.746644973754883,"z":378.6654968261719},"rotation":{"x":0.03953133150935173,"y":0.9287381172180176,"z":-0.35371923446655276,"w":0.10379358381032944},"size":1.495349645614624,"orthographic":false}