{"cameraMode":{"drawMode":0,"name":"Shaded","section":"Shading Mode"},"sceneLighting":true,"audioPlay":false,"sceneViewState":{"m_AlwaysRefresh":false,"showFog":true,"showSkybox":false,"showFlares":true,"showImageEffects":true,"showParticleSystems":true,"showVisualEffectGraphs":true,"m_FxEnabled":true},"in2DMode":false,"pivot":{"x":-0.09108015894889832,"y":2.8628017902374269,"z":1.8009562492370606},"rotation":{"x":0.2411155104637146,"y":-0.053829826414585116,"z":0.013395525515079499,"w":0.968910276889801},"size":0.9358806610107422,"orthographic":true}