{"cameraMode":{"drawMode":0,"name":"Shaded","section":"Shading Mode"},"sceneLighting":false,"audioPlay":false,"sceneViewState":{"m_AlwaysRefresh":false,"showFog":true,"showSkybox":false,"showFlares":true,"showImageEffects":true,"showParticleSystems":true,"showVisualEffectGraphs":true,"m_FxEnabled":true},"in2DMode":false,"pivot":{"x":163.32728576660157,"y":0.49352312088012698,"z":416.517822265625},"rotation":{"x":0.03953133150935173,"y":0.9287381172180176,"z":-0.35371923446655276,"w":0.10379358381032944},"size":1.2282483577728272,"orthographic":false}